category,avg_discount
FAST FOOD,38.14694551458448
SHABU,38.344620440709015
BUBBLE TEA,37.53102640822167
DIMSUM,37.74552987352813
NOODLES,38.00615288351236
BREAKFAST,37.348462664714496
SEAFOOD,38.12952295229523
STEAK,38.027670074021856
CAKE,37.77195249738037
THAI FOOD,37.827958957090395
ICECREAM,38.08318936295843
SOMTAM,38.09896591145292
JAPANESE FOOD,38.21828119548785
WESTERN FOOD,37.93014696550499
